date,pool,pit,new_pit (y/n),pit_year,color,new_color (y/n),first_year,pool_salinity,pool_salinity_2,pool_temp,pool_temp2,sex,status,notes
2022-03-18,0,900043000243266,y,2022,orange,n,2019,0,,4,,m,alive,Upland forest below Otter Cliffs parking lot. Lung tissue herniated upon incision.
2022-03-18,0,900043000243274,y,2022,red,n,2020_2021,0,,4,,m,alive,"Larger pool above 5, left of 6"
2022-03-19,7,900043000243216,y,2022,red,n,2020_2021,0,,5,,m,alive,
2022-03-19,11,900043000243261,y,2022,red,n,2020_2021,0,,5,,m,alive,
2022-03-19,12,900043000243266,y,2022,orange,n,2019,0,,5,,m,alive,Severed herniated lung tissue upon recapture. Hopes are higher for this individual's recovery. 
2022-03-19,5,900043000243274,y,2022,red,n,2020_2021,0,,5,,m,alive,"Accidentally double-tagged, #900043000243219"
2022-03-19,0,900043000243278,y,2022,yellow,n,2017,0,,5,,m,alive,In brush above pool 8
2022-03-19,7,900043000243293,y,2022,none,,2022,0,,5,,m,alive,
2022-03-19,4,900043000243303,y,2022,orange,n,2019,0,,5,,m,alive,
2022-03-20,7,900043000243216,y,2022,red,n,2020_2021,0.29,,5.5,,m,alive,
2022-03-20,0,900043000243247,y,2022,none,,2022,0,,5.5,,m,alive,
2022-03-20,5,900043000243278,y,2022,yellow,n,2017,0.32,,5.5,,m,alive,
2022-03-20,7,900043000243305,y,2022,none,,2022,0.29,,5.5,,m,alive,
2022-03-20,7,900043000243316,y,2022,red,n,2020_2021,0.29,,5.5,,m,alive,
2022-03-20,7,900043000243330,y,2022,red,n,2020_2021,0.29,,5.5,,m,alive,
2022-03-20,7,900043000243336,y,2022,red,n,2020_2021,0.29,,5.5,,m,alive,
2022-03-20,0,900043000243337,y,2022,none,,2022,0,,5.5,,m,alive,
2022-03-20,12,900043000243355,y,2022,orange,n,2019,0.3,,5.5,,m,alive,
2022-03-20,5,900043000243358,y,2022,none,,2022,0.32,,5.5,,m,alive,
2022-03-20,5,900043000243382,y,2022,none,,2022,0.32,,5.5,,m,alive,
2022-03-20,5,900043000243383,y,2022,none,,2022,0.32,,5.5,,m,alive,
2022-03-21,0,900043000243336,y,2022,red,n,2020_2021,0,,2,,m,alive,In moss just above pool 6
2022-03-24,6,900043000243208,y,2022,orange,n,2019,0.19,,4.3,,f,alive,
2022-03-24,7,900043000243216,y,2022,red,n,2020_2021,0.2,,4.4,,m,alive,
2022-03-24,7,900043000243261,y,2022,red,n,2020_2021,0.2,,4.4,,m,alive,
2022-03-24,7,900043000243264,y,2022,orange,n,2019,0.2,,4.4,,m,alive,
2022-03-24,7,900043000243274,y,2022,red,n,2020_2021,0.2,,4.4,,m,alive,
2022-03-24,6,900043000243337,y,2022,none,,2022,0.19,,4.3,,m,alive,
2022-03-25,7,900043000243216,y,2022,red,n,2020_2021,0.27,,5.8,,m,alive,
2022-03-25,7,900043000243261,y,2022,red,n,2020_2021,0.27,,5.8,,m,alive,
2022-03-25,3,900043000243303,y,2022,orange,n,2019,0.29,,5.8,,m,alive,
2022-03-25,13,900043000243305,y,2022,none,,2022,0.3,,5.9,,m,alive,
2022-03-25,0,900043000243325,y,2022,none,,2022,0.19,,5.2,,m,alive,
2022-03-25,6,900043000243347,y,2022,none,,2022,0.27,,5.8,,m,alive,
2022-03-25,0,900043000243359,y,2022,red,n,2020_2021,0.19,,5.2,,f,alive,
2022-03-25,13,900043000243372,y,2022,none,,2022,0.3,,5.9,,m,alive,
2022-03-25,7,900043000243373,y,2022,orange,n,2019,0.27,,5.8,,m,alive,
2022-03-25,1,900043000243379,y,2022,none,,2022,0.36,,5.4,,m,alive,
2022-03-25,7,900043000243384,y,2022,orange,n,2019,0.27,,5.8,,m,alive,Regenerating foot. Color tag extremely subtle
2022-03-25,1,900043000243402,y,2022,orange,n,2019,0.36,,5.4,,m,alive,
2022-03-26,3,900043000243211,y,2022,orange,n,2019,0.29,,8.5,,m,alive,
2022-03-26,7,900043000243216,y,2022,red,n,2020_2021,0.24,,9.2,,m,alive,
2022-03-26,7,900043000243274,y,2022,red,n,2020_2021,0.24,,9.2,,m,alive,Moving to Pool 6
2022-03-26,7,900043000243289,y,2022,pink,n,2018,0.24,,9.2,,m,alive,
2022-03-26,13,900043000243305,y,2022,none,,2022,0.33,,8.8,,m,alive,
2022-03-26,6,900043000243337,y,2022,none,,2022,0.26,,8.2,,m,alive,
2022-03-26,7,900043000243359,y,2022,red,n,2020_2021,0.24,,9.2,,f,alive,
2022-03-26,15,900043000243372,y,2022,none,,2022,0.47,,8.3,,m,alive,
2022-03-26,1,900043000243402,y,2022,orange,n,2019,0.32,,8.5,,m,alive,
2022-03-26,3,not scanned,,,not scanned,,,1.1,,9.1,,,alive,Uncaptured
2022-03-27,7,900043000243216,y,2022,red,n,2020_2021,0.22,,9,,m,alive,
2022-03-27,5,900043000243242,y,2022,yellow,n,2017,0.26,,8.4,,m,alive,
2022-03-27,7,900043000243261,y,2022,red,n,2020_2021,0.22,,9,,m,alive,
2022-03-27,7,900043000243265,y,2022,none,,2022,0.22,,9,,m,alive,
2022-03-27,7,900043000243274,y,2022,red,n,2020_2021,0.22,,9,,m,alive,
2022-03-27,13,900043000243305,y,2022,none,,2022,0.33,,9.4,,m,alive,
2022-03-27,7,900043000243325,y,2022,none,,2022,0.22,,9,,m,alive,
2022-03-27,12,900043000243358,y,2022,none,,2022,0.22,,8.7,,m,alive,
2022-03-27,1,not scanned,,,not scanned,,,0.27,,8.4,,,alive,Uncaptured
2022-03-27,5,not scanned,,,not scanned,,,0.26,,8.4,,,alive,Uncaptured
2022-03-31,5,unknown,y,2022,red,n,2020_2021,,,,,m,alive,PIT was marked as 1299 but this was jpg file #
2022-03-31,5,900043000243207,y,2022,orange,n,2019,,,,,m,alive,
2022-03-31,0,900043000243212,y,2022,none,,2022,0.12,,7.7,,m,alive,Outside pool 9
2022-03-31,0,900043000243221,y,2022,none,,2022,0.12,,7.7,,m,alive,Outside pool 9
2022-03-31,11,900043000243221,y,2022,none,,2022,0.18,,7.6,,m,alive,Moved on tagging night
2022-03-31,7,900043000243230,y,2022,yellow,n,2017,,,,,m,alive,One eye!
2022-03-31,0,900043000243247,y,2022,none,,2022,0.12,,7.4,,m,alive,Right of pool 3 facing ocean
2022-03-31,0,900043000243248,y,2022,red,n,2020_2021,0.12,,7.7,,m,alive,Outside pool 9
2022-03-31,0,900043000243248,y,2022,red,n,2020_2021,0,,3.8,,m,alive,On path 2 above pools below road - Seen leaving breeding grounds the night of tagging. 
2022-03-31,0,900043000243252,y,2022,orange,n,2019,0.12,,7.7,,m,alive,Outside pool 9
2022-03-31,7,900043000243252,y,2022,orange,n,2019,,,,,m,alive,Moved on tagging night
2022-03-31,7,900043000243259,y,2022,yellow,n,2017,,,,,m,alive,scarred face
2022-03-31,7,900043000243264,y,2022,orange,n,2019,,,,,m,alive,
2022-03-31,6,900043000243265,y,2022,none,,2022,,,,,m,alive,
2022-03-31,7,900043000243274,y,2022,red,n,2020_2021,,,,,m,alive,
2022-03-31,0,900043000243282,y,2022,red,n,2020_2021,0.12,,7.7,,m,alive,Outside pool 9
2022-03-31,7,900043000243289,y,2022,pink,n,2018,,,,,m,alive,
2022-03-31,6,900043000243304,y,2022,orange,n,2019,,,,,m,alive,Tag expelled
2022-03-31,13,900043000243305,y,2022,none,,2022,0.28,,7.4,,m,alive,
2022-03-31,9,900043000243307,y,2022,orange,n,2019,0.2,,7.5,,m,alive,Female in notes
2022-03-31,3,900043000243313,y,2022,red,n,2020_2021,0.21,,7.3,,m,alive,
2022-03-31,9,900043000243314,y,2022,red,n,2020_2021,0.2,,7.5,,m,alive,Beautiful orange spots - Pink in notes
2022-03-31,0,900043000243319,y,2022,none,,2022,0.12,,7.4,,m,alive,Right of pool 3 facing ocean
2022-03-31,5,900043000243320,y,2022,none,,2022,,,,,m,alive,Uncertain images
2022-03-31,3,900043000243322,y,2022,red,n,2020_2021,0.21,,7.3,,m,alive,
2022-03-31,10,900043000243322,y,2022,red,n,2020_2021,0.19,,7.6,,m,alive,Moved on tagging night
2022-03-31,5,900043000243325,y,2022,none,,2022,,,,,m,alive,
2022-03-31,0,900043000243326,y,2022,red,n,2020_2021,0.12,,7.7,,m,alive,Outside pool 9
2022-03-31,6,900043000243337,y,2022,none,,2022,,,,,m,alive,
2022-03-31,0,900043000243341,y,2022,none,,2022,0,,3.8,,m,alive,On trail below road above pools
2022-03-31,0,900043000243345,y,2022,none,,2022,0.12,,7.4,,m,alive,Right of pool 3 facing ocean
2022-03-31,0,900043000243349,y,2022,none,,2022,0.12,,7.4,,m,alive,Right of pool 3 facing ocean
2022-03-31,0,900043000243352,y,2022,yellow,n,2017,0.12,,7.7,,m,alive,Outside pool 9
2022-03-31,7,900043000243355,y,2022,orange,n,2019,,,,,m,alive,
2022-03-31,9,900043000243360,y,2022,none,,2022,0.2,,7.5,,m,alive,Pink in notes
2022-03-31,9,900043000243362,y,2022,none,,2022,0.2,,7.5,,f,alive,
2022-03-31,9,900043000243364,y,2022,red,n,2020_2021,0.2,,7.5,,m,alive,
2022-03-31,15,900043000243364,y,2022,red,n,2020_2021,0.36,,7.2,,m,alive,Moved on tagging night
2022-03-31,13,900043000243372,y,2022,none,,2022,0.28,,7.4,,m,alive,
2022-03-31,10,900043000243382,y,2022,none,,2022,0.19,,7.6,,m,alive,
2022-03-31,0,900043000243386,y,2022,red,n,2020_2021,0.12,,7.4,,m,alive,Right of pool 3 facing ocean
2022-03-31,9,900043000243391,y,2022,red,n,2020_2021,0.2,,7.5,,m,alive,Female in notes
2022-03-31,0,900043000243395,y,2022,none,,2022,0.12,,7.4,,m,alive,Right of pool 3 facing ocean
2022-03-31,0,900043000243398,y,2022,orange,n,2019,0.12,,7.4,,m,alive,Right of pool 3 facing ocean
2022-03-31,9,900043000243399,y,2022,none,,2022,0.2,,7.5,,m,alive,
2022-03-31,0,900043000243400,y,2022,none,,2022,0.12,,7.4,,m,alive,Right of pool 3 facing ocean
2022-03-31,7,900043000243400,y,2022,none,,2022,,,,,m,alive,Moved on tagging night
2022-03-31,1,900043000243402,y,2022,orange,n,2019,0.25,,6.7,,m,alive,
2022-03-31,5,none,,,none,,,,,,,m,alive,
2022-03-31,5,none,,,orange,n,2019,,,,,m,alive,
2022-03-31,5,none,,,none,,,,,,,m,alive,
2022-03-31,6,none,,,yellow,n,2017,,,,,f,alive,
2022-03-31,6,none,,,red,n,2020_2021,,,,,m,alive,
2022-03-31,6,none,,,none,,,,,,,m,alive,
2022-03-31,6,none,,,orange,n,2019,,,,,m,alive,
2022-03-31,6,none,,,yellow,n,2017,,,,,m,alive,
2022-03-31,6,none,,,red,n,2020_2021,,,,,m,alive,
2022-03-31,6,none,,,none,,,,,,,m,alive,
2022-03-31,7,none,,,none,,,,,,,f,alive,Under Root
2022-03-31,7,none,,,yellow,n,2017,,,,,m,alive,
2022-03-31,7,none,,,none,,,,,,,m,alive,
2022-03-31,7,none,,,red,n,2020_2021,,,,,m,alive,
2022-03-31,7,none,,,none,,,,,,,m,alive,
2022-03-31,7,none,,,none,,,,,,,m,alive,
2022-03-31,7,none,,,yellow,n,2017,,,,,m,alive,Big
2022-03-31,7,none,,,none,,,,,,,m,alive,IMG1340? - Uncertain
2022-03-31,7,none,,,red,n,2020_2021,,,,,m,alive,
2022-03-31,7,none,,,none,,,,,,,m,alive,
2022-03-31,7,none,,,none,,,,,,,m,alive,
2022-03-31,7,not scanned,,,not scanned,,,,,,,,alive,Uncaptured
2022-03-31,7,not scanned,,,not scanned,,,,,,,,alive,Uncaptured
2022-03-31,7,not scanned,,,not scanned,,,,,,,,alive,Uncaptured
2022-03-31,8,none,,,none,,,0.19,,7.5,,f,alive,
2022-03-31,8,none,,,none,,,0.19,,7.5,,m,alive,
2022-03-31,8,none,,,none,,,0.19,,7.5,,m,alive,
2022-03-31,12,none,,,none,,,0.18,,7.5,,m,alive,
2022-03-31,13,none,,,none,,,0.28,,7.4,,f,alive,
2022-03-31,13,none,,,red,n,2020_2021,0.28,,7.4,,m,alive,
2022-03-31,13,none,,,none,,,0.28,,7.4,,m,alive,
2022-03-31,13,none,,,red,n,2020_2021,0.28,,7.4,,m,alive,
2022-03-31,13,none,,,orange,n,2019,0.28,,7.4,,m,alive,
2022-03-31,13,none,,,red,n,2020_2021,0.28,,7.4,,m,alive,Looks older
2022-03-31,13,none,,,none,,,0.28,,7.4,,m,alive,
2022-03-31,13,none,,,none,,,0.28,,7.4,,m,alive,
2022-03-31,13,none,,,none,,,0.28,,7.4,,m,alive,
2022-03-31,15,none,,,orange,n,2019,0.36,,7.2,,m,alive,
2022-03-31,15,none,,,orange,n,2019,0.36,,7.2,,m,alive,
2022-03-31,15,none,,,orange,n,2019,0.36,,7.2,,m,alive,Photo is female?
2022-03-31,15,none,,,red,n,2020_2021,0.36,,7.2,,m,alive,
2022-03-31,15,none,,,none,,,0.36,,7.2,,m,alive,
2022-03-31,11,none,,,yellow,n,2017,0.18,,7.6,,m,alive,
2022-03-31,11,none,,,red,n,2020_2021,0.18,,7.6,,m,alive,
2022-03-31,11,none,,,red,n,2020_2021,0.18,,7.6,,m,alive,
2022-03-31,11,none,,,red,n,2020_2021,0.18,,7.6,,m,alive,
2022-03-31,11,none,,,none,,,0.18,,7.6,,m,alive,
2022-04-01,2,900043000243208,y,2022,orange,n,2019,0.13,,8,,f,alive,
2022-04-01,3,900043000243211,y,2022,orange,n,2019,0.19,,8,,m,alive,
2022-04-01,1,900043000243306,y,2022,red,n,2020_2021,0.2,,7.3,,m,alive,
2022-04-01,15,900043000243312,y,2022,none,,2022,0.37,,7.4,,m,alive,
2022-04-01,13,900043000243314,y,2022,red,n,2020_2021,0.24,,8,,m,alive,
2022-04-01,11,900043000243317,y,2022,orange,n,2019,0.18,,8.2,,m,alive,
2022-04-01,4,900043000243318,y,2022,orange,n,2019,0.18,,8.2,,m,alive,
2022-04-01,3,900043000243320,y,2022,none,,2022,0.19,,8,,m,alive,
2022-04-01,5,900043000243323,y,2022,orange,n,2019,0.18,,7.8,,m,alive,
2022-04-01,0,900043000243324,y,2022,red,n,2020_2021,0,,3.3,,m,alive,
2022-04-01,5,900043000243325,y,2022,none,,2022,0.18,,7.8,,m,alive,
2022-04-01,15,900043000243327,y,2022,orange,n,2019,0.37,,7.4,,m,alive,
2022-04-01,13,900043000243328,y,2022,red,n,2020_2021,0.24,,8,,m,alive,
2022-04-01,11,900043000243329,y,2022,red,n,2020_2021,0.18,,8.2,,m,alive,
2022-04-01,5,900043000243332,y,2022,none,,2022,0.18,,7.8,,m,alive,
2022-04-01,13,900043000243334,y,2022,none,,2022,0.24,,8,,m,alive,
2022-04-01,0,900043000243338,y,2022,none,,2022,0,,3.3,,m,alive,
2022-04-01,3,900043000243339,y,2022,yellow,n,2017,0.19,,8,,f,alive,
2022-04-01,1,900043000243340,y,2022,red,n,2020_2021,0.2,,7.3,,m,alive,Color debated
2022-04-01,15,900043000243343,y,2022,none,,2022,0.37,,7.4,,m,alive,
2022-04-01,15,900043000243344,y,2022,orange,n,2019,0.37,,7.4,,m,alive,
2022-04-01,11,900043000243348,y,2022,yellow,n,2017,0.18,,8.2,,m,alive,
2022-04-01,15,900043000243351,y,2022,orange,n,2019,0.37,,7.4,,m,alive,
2022-04-01,15,900043000243356,y,2022,orange,n,2019,0.37,,7.4,,m,alive,
2022-04-01,5,900043000243363,y,2022,red ,n,2020_2021,0.18,,7.8,,m,alive,
2022-04-01,11,900043000243365,y,2022,yellow,n,2017,0.18,,8.2,,m,alive,
2022-04-01,3,900043000243366,y,2022,none,,2022,0.19,,8,,m,alive,
2022-04-01,13,900043000243367,y,2022,orange,n,2019,0.24,,8,,f,alive,
2022-04-01,5,900043000243370,y,2022,orange,n,2019,0.18,,7.8,,m,alive,
2022-04-01,11,900043000243371,y,2022,none,,2022,0.18,,8.2,,m,alive,
2022-04-01,5,900043000243376,y,2022,none,,2022,0.18,,7.8,,m,alive,
2022-04-01,15,900043000243378,y,2022,orange,n,2019,0.37,,7.4,,m,alive,
2022-04-01,5,900043000243385,y,2022,none,,2022,0.18,,7.8,,m,alive,
2022-04-01,11,900043000243387,y,2022,orange,n,2019,0.18,,8.2,,m,alive,
2022-04-01,15,900043000243388,y,2022,red,n,2020_2021,0.37,,7.4,,f,alive,
2022-04-01,11,900043000243389,y,2022,orange,n,2019,0.18,,8.2,,m,alive,
2022-04-01,5,900043000243390,y,2022,yellow,n,2017,0.18,,7.8,,m,alive,
2022-04-01,5,900043000243392,y,2022,red,n,2020_2021,0.18,,7.8,,m,alive,
2022-04-01,15,900043000243394,y,2022,none,,2022,0.37,,7.4,,f,alive,
2022-04-01,3,900043000243397,y,2022,none,,2022,0.19,,8,,m,alive,
2022-04-01,0,900043000243399,y,2022,none,,2022,0,,3.3,,m,alive,
2022-04-01,1,900043000243402,y,2022,orange,n,2019,0.2,,7.3,,m,alive,
2022-04-01,4,900043000243403,y,2022,red,n,2020_2021,0.18,,8.2,,m,alive,Possibly female
2022-04-01,0,900043000243404,y,2022,none,,2022,0,,3.3,,m,alive,
2022-04-02,7,900043000243307,y,2022,orange,n,2019,0.19,,8.8,,m,alive,
2022-04-02,15,900043000243311,y,2022,none,,2022,0.3,,7.6,,m,alive,
2022-04-02,7,900043000243354,y,2022,red,n,2020_2021,0.19,,8.8,,m,alive,
2022-04-02,7,900043000243357,y,2022,orange,n,2019,0.19,,8.8,,m,alive,
2022-04-02,15,900043000243394,y,2022,none,,2022,0.3,,7.6,,f,alive,
2022-04-02,0,900043000243399,y,2022,none,,2022,,,,,m,alive,"Below pool 5, above pool 8"
2022-04-02,1,not scanned,,,not scanned,,,0.26,,8.4,,,alive,Uncaptured
2022-04-02,15,not scanned,,,not scanned,,2022,0.3,,7.6,,f,alive,Uncaptured
2022-04-03,15,900043000243394,y,2022,none,,2022,0.29,,6.4,,f,alive,
2022-04-03,0,not scanned,,,not scanned,,,0,,7.9,,,alive,"Uncapture - Above 11, below 8, in a crevice that seems impossible to hide in..."
2022-04-03,1,not scanned,,,not scanned,,,0.2,,8.2,,,alive,Uncaptured
2022-04-03,15,not scanned,,,not scanned,,2022,0.29,,6.4,,f,alive,Actively Laying Eggs
2022-04-03,15,not scanned,,,none,,2022,0.29,,6.4,,f,alive,"Uncaptured, checked for UV tag"
2022-04-04,7,900043000243216,y,2022,red,n,2020_2021,0.16,,10,,m,alive,
2022-04-04,7,900043000243307,y,2022,orange,n,2019,0.16,,10,,m,alive,
2022-04-04,11,900043000243309,y,2022,none,,2022,0.18,,10,,f,alive,
2022-04-04,7,900043000243333,y,2022,none,,2022,0.16,,10,,f,alive,
2022-04-04,11,900043000243335,y,2022,red,n,2020_2021,0.18,,10,,f,alive,
2022-04-04,1,900043000243340,y,2022,red,n,2020_2021,0.17,,,,m,alive,Color debated
2022-04-04,7,900043000243342,y,2022,none,,2022,0.16,,10,,f,alive,
2022-04-04,7,900043000243346,y,2022,none,,2022,0.16,,10,,f,alive,
2022-04-04,11,900043000243353,y,2022,none,,2022,0.18,,10,,f,alive,
2022-04-04,5,900043000243368,y,2022,none,,2022,0.19,,8.7,,f,alive,
2022-04-04,11,900043000243369,y,2022,none,,2022,0.18,,10,,f,alive,
2022-04-04,15,900043000243381,y,2022,none,,2022,0.27,,8.8,,f,alive,
2022-04-04,15,900043000243394,y,2022,none,,2022,0.27,,8.8,,f,alive,
2022-04-04,7,not scanned,,,not scanned,,,0.15,,9.8,,f,alive,laying eggs
2022-04-04,15,not scanned,,,not scanned,,,0.27,,8.8,,f,alive,laying eggs
2022-04-04,15,not scanned,,,not scanned,,,0.27,,8.8,,f,alive,laying eggs
2022-04-05,7,900043000243216,y,2022,red,n,2020_2021,0.16,,11.6,,m,alive,
2022-04-05,15,900043000243308,y,2022,none,,2022,0.26,,8.6,,f,alive,
2022-04-05,7,900043000243315,y,2022,yellow,n,2017,0.16,,11.6,,f,alive,
2022-04-05,13,900043000243331,y,2022,none,,2022,0.25,,9,,f,alive,
2022-04-05,7,900043000243333,y,2022,none,,2022,0.16,,11.6,,f,alive,
2022-04-05,1,900043000243340,y,2022,red,n,2020_2021,0.23,,7,,m,alive,Color debated
2022-04-05,12,900043000243348,y,2022,yellow,n,2017,0.16,,9.7,,m,alive,
2022-04-05,11,900043000243350,y,2022,none,,2022,0.17,,9,,f,alive,
2022-04-05,7,900043000243353,y,2022,none,,2022,0.16,,11.6,,f,alive,
2022-04-05,13,900043000243367,y,2022,orange,n,2019,0.25,,9,,f,alive,
2022-04-05,15,900043000243381,y,2022,none,,2022,0.26,,8.6,,f,alive,
2022-04-05,15,900043000243394,y,2022,none,,2022,0.26,,8.6,,f,alive,
2022-04-05,7,900043000243396,y,2022,red,n,2020_2021,0.16,,11.6,,m,alive,
2022-04-05,3,not scanned,,,not scanned,,,0.18,,7.3,,f,alive,laying eggs
2022-04-05,6,not scanned,,,not scanned,,,0.06,,6.9,,,alive,Uncaptured
2022-04-05,7,none,,,orange,n,2019,0.16,,11.6,,f,alive,
2022-04-05,7,none,,,none,,,0.16,,11.6,,f,alive,
2022-04-05,11,none,,,yellow,n,2017,0.17,,9,,f,alive,
2022-04-05,13,none,,,orange,n,2019,0.25,,9,,f,alive,
2022-04-05,13,none,,,none,,,0.25,,9,,f,alive,
2022-04-05,13,none,,,none,,,0.25,,9,,f,alive,
2022-04-05,15,none,,,none,,,0.26,,8.6,,,alive,
2022-04-05,15,none,,,none,,,0.26,,8.6,,,alive,
2022-04-06,7,900043000243216,y,2022,red,n,2020_2021,0.15,,10.2,,m,alive,
2022-04-06,7,900043000243289,y,2022,pink,n,2018,0.15,,10.2,,m,alive,
2022-04-06,7,900043000243307,y,2022,orange,n,2019,0.15,,10.2,,m,alive,Forgot UV light
2022-04-06,11,900043000243367,y,2022,orange,n,2019,0.23,,10.5,,f,alive,
2022-04-06,7,900043000243373,y,2022,orange,n,2019,0.15,,10.2,,m,alive,
2022-04-06,7,none,,,not scanned,,,0.15,,10.2,,,alive,
2022-04-06,7,none,,,not scanned,,,0.15,,10.2,,,alive,
2022-04-06,7,none,,,not scanned,,,0.15,,10.2,,,alive,
2022-04-06,7,none,,,not scanned,,,0.15,,10.2,,,alive,
2022-04-06,11,none,,,not scanned,,,0.15,,9.8,,,alive,
2022-04-06,12,none,,,not scanned,,,0.15,,9.8,,,alive,
2022-04-06,12,none,,,not scanned,,,0.15,,9.8,,,alive,
2022-04-06,12,none,,,not scanned,,,0.15,,9.8,,,alive,
2022-04-06,15,none,,,not scanned,,,0.25,,9.8,,,alive,
2022-04-06,15,none,,,not scanned,,,0.25,,9.8,,,alive,
2022-04-07,6,900043000243221,y,2022,not scanned,,2022,0.14,,7.4,,m,alive,
2022-04-07,12,900043000243234,y,2022,not scanned,,,0.15,,8.5,,m,alive,
2022-04-07,12,900043000243273,y,2022,not scanned,,,0.15,,8.5,,m,alive,
2022-04-07,7,900043000243274,y,2022,red,n,2020_2021,0.14,,8.5,,m,alive,
2022-04-07,0,900043000243276,y,2022,red,n,2020_2021,0.25,,9.8,,m,alive,Checked color later
2022-04-07,2,900043000243284,y,2022,not scanned,,,0.17,,7.8,,f,alive,
2022-04-07,7,900043000243321,y,2022,not scanned,,,0.14,,8.5,,m,alive,Tail Clipped
2022-04-07,12,900043000243322,y,2022,red,n,2020_2021,0.15,,8.5,,m,alive,
2022-04-07,6,900043000243325,y,2022,not scanned,,2022,0.14,,7.4,,m,alive,
2022-04-07,13,900043000243334,y,2022,not scanned,,2022,0.23,,8.8,,m,alive,
2022-04-07,11,900043000243349,y,2022,not scanned,,2022,0.15,,8.8,,m,alive,
2022-04-07,7,900043000243359,y,2022,red,n,2020_2021,0.14,,8.5,,,alive,sex debated
2022-04-07,6,900043000243361,y,2022,not scanned,,,0.14,,7.4,,m,alive,
2022-04-07,7,900043000243374,y,2022,not scanned,,,0.14,,8.5,,m,alive,
2022-04-07,0,900043000243375,y,2022,not scanned,,,0.25,,9.8,,m,alive,Travelling from pool 6 - pool 5
2022-04-07,0,900043000243377,y,2022,not scanned,,,0.25,,9.8,,m,alive,Forgot UV light
2022-04-07,0,900043000243380,y,2022,not scanned,,,0.25,,9.8,,m,alive,Above 5
2022-04-07,7,900043000243393,y,2022,not scanned,,,0.14,,8.5,,m,alive,
2022-04-07,6,900043000243401,y,2022,not scanned,,,0.14,,7.4,,m,alive,
2022-04-08,7,900043000243206,y,2022,orange,n,2019,0.31,,6.9,,m,alive,
2022-04-08,11,900043000243209,y,2022,none,,2022,0.31,,7,,m,alive,
2022-04-08,13,900043000243210,y,2022,none,,2022,0.27,,7,,m,alive,
2022-04-08,7,900043000243212,y,2022,none,,2022,0.31,,6.9,,m,alive,
2022-04-08,13,900043000243214,y,2022,none,,2022,0.27,,7,,f,alive,
2022-04-08,6,900043000243215,y,2022,red,n,2020_2021,0.48,,6.9,,m,alive,
2022-04-08,7,900043000243216,y,2022,red,n,2020_2021,0.31,,6.9,,m,alive,
2022-04-08,7,900043000243218,y,2022,none,,2022,0.31,,6.9,,m,alive,
2022-04-08,7,900043000243220,y,2022,red,n,2020_2021,0.31,,6.9,,m,alive,
2022-04-08,0,900043000243222,y,2022,none,,2022,0.29,,7.6,,m,alive,Park loop 1/4th the distance to fabbri picnic area
2022-04-08,15,900043000243223,y,2022,none,,2022,0.71,,7.5,,m,alive,
2022-04-08,0,900043000243225,y,2022,none,,2022,0.29,,7.6,,f,alive,"In path, likely stepped on"
2022-04-08,11,900043000243227,y,2022,red,n,2020_2021,0.31,,7,,m,alive,
2022-04-08,7,900043000243228,y,2022,none,,2022,0.31,,6.9,,m,alive,
2022-04-08,7,900043000243231,y,2022,yellow,n,2017,0.31,,6.9,,f,alive,
2022-04-08,12,900043000243234,y,2022,none,,2022,0.31,,7,,m,alive,
2022-04-08,12,900043000243235,y,2022,orange,n,2019,0.31,,7,,f,alive,
2022-04-08,7,900043000243236,y,2022,none,,2022,0.31,,6.9,,m,alive,
2022-04-08,7,900043000243237,y,2022,none,,2022,0.31,,6.9,,m,alive,
2022-04-08,0,900043000243238,y,2022,none,,2022,0.29,,7.6,,f,alive,Path above pool 15
2022-04-08,7,900043000243240,y,2022,none,,2022,0.31,,6.9,,f,alive,
2022-04-08,12,900043000243241,y,2022,none,,2022,0.31,,7,,m,alive,
2022-04-08,7,900043000243243,y,2022,yellow,n,2017,0.31,,6.9,,m,alive,Tail clipped
2022-04-08,15,900043000243246,y,2022,orange,n,2019,0.71,,7.5,,m,alive,
2022-04-08,7,900043000243249,y,2022,pink,n,2018,0.31,,6.9,,m,alive,
2022-04-08,0,900043000243250,y,2022,none,,2022,0.29,,7.6,,m,alive,
2022-04-08,7,900043000243251,y,2022,red,n,2020_2021,0.31,,6.9,,m,alive,
2022-04-08,13,900043000243255,y,2022,none,,2022,0.27,,7,,m,alive,
2022-04-08,15,900043000243257,y,2022,none,,2022,0.71,,7.5,,m,alive,
2022-04-08,12,900043000243260,y,2022,pink,n,2018,0.31,,7,,m,alive,
2022-04-08,8,900043000243262,y,2022,pink,n,2018,0.26,,7.4,,m,alive,
2022-04-08,12,900043000243263,y,2022,red,n,2020_2021,0.31,,7,,f,alive,
2022-04-08,7,900043000243264,y,2022,orange,n,2019,0.31,,6.9,,m,alive,
2022-04-08,7,900043000243266,y,2022,orange,n,2019,0.31,,6.9,,m,alive,
2022-04-08,0,900043000243270,y,2022,none,,2022,0.29,,7.6,,m,alive,
2022-04-08,7,900043000243271,y,2022,none,,2022,0.31,,6.9,,f,alive,
2022-04-08,13,900043000243275,y,2022,none,,2022,0.27,,7,,m,alive,
2022-04-08,11,900043000243277,y,2022,orange,n,2019,0.31,,7,,f,alive,
2022-04-08,0,900043000243279,y,2022,none,,2022,0.29,,7.6,,m,alive,
2022-04-08,0,900043000243280,y,2022,none,,2022,0.29,,7.6,,m,alive,Path above pool 6
2022-04-08,12,900043000243281,y,2022,red,n,2020_2021,0.31,,7,,m,alive,
2022-04-08,8,900043000243282,y,2022,red,n,2020_2021,0.26,,7.4,,m,alive,
2022-04-08,12,900043000243283,y,2022,red,n,2020_2021,0.31,,7,,m,alive,
2022-04-08,7,900043000243287,y,2022,orange,n,2019,0.31,,6.9,,m,alive,
2022-04-08,7,900043000243288,y,2022,orange,n,2019,0.31,,6.9,,m,alive,
2022-04-08,12,900043000243290,y,2022,red,n,2020_2021,0.31,,7,,m,alive,
2022-04-08,15,900043000243293,y,2022,none,,2022,0.71,,7.5,,m,alive,
2022-04-08,7,900043000243297,y,2022,none,,2022,0.31,,6.9,,m,alive,
2022-04-08,12,900043000243298,y,2022,orange,n,2019,0.31,,7,,m,alive,Color debateable 
2022-04-08,15,900043000243299,y,2022,none,,2022,0.71,,7.5,,m,alive,
2022-04-08,15,900043000243300,y,2022,none,,2022,0.71,,7.5,,m,alive,Great Spots!
2022-04-08,12,900043000243301,y,2022,red,n,2020_2021,0.31,,7,,m,alive,
2022-04-08,7,900043000243302,y,2022,none,,2022,0.31,,6.9,,f,alive,
2022-04-08,7,900043000243304,y,2022,orange,n,2019,0.31,,6.9,,m,alive,ORANGE TAG EXPELLED
2022-04-08,1,900043000243306,y,2022,red,n,2020_2021,0.42,,7.3,,m,alive,
2022-04-08,13,900043000243311,y,2022,none,,2022,0.27,,7,,m,alive,
2022-04-08,12,900043000243317,y,2022,orange,n,2019,0.31,,7,,m,alive,
2022-04-08,12,900043000243322,y,2022,red,n,2020_2021,0.31,,7,,m,alive,
2022-04-08,8,900043000243323,y,2022,orange,n,2019,0.26,,7.4,,m,alive,
2022-04-08,6,900043000243325,y,2022,none,,2022,0.48,,6.9,,m,alive,
2022-04-08,15,900043000243327,y,2022,orange,n,2019,0.71,,7.5,,m,alive,
2022-04-08,13,900043000243328,y,2022,red,n,2020_2021,0.27,,7,,m,alive,
2022-04-08,12,900043000243329,y,2022,red,n,2020_2021,0.31,,7,,m,alive,
2022-04-08,8,900043000243332,y,2022,none,,2022,0.26,,7.4,,m,alive,
2022-04-08,13,900043000243334,y,2022,none,,2022,0.27,,7,,m,alive,
2022-04-08,0,900043000243337,y,2022,none,,2022,0.29,,7.6,,m,alive,Above pool 6
2022-04-08,5,900043000243339,y,2022,yellow,n,2017,0.21,,7.2,,f,alive,
2022-04-08,1,900043000243340,y,2022,red,n,2020_2021,0.42,,7.3,,m,alive,Color debated
2022-04-08,5,900043000243345,y,2022,none,,2022,0.21,,7.2,,m,alive,
2022-04-08,6,900043000243345,y,2022,none,,2022,0.48,,6.9,,m,alive,Recaptured same night
2022-04-08,7,900043000243347,y,2022,none,,2022,0.31,,6.9,,m,alive,
2022-04-08,12,900043000243348,y,2022,yellow,n,2017,0.31,,7,,m,alive,
2022-04-08,11,900043000243349,y,2022,none,,2022,0.31,,7,,m,alive,
2022-04-08,15,900043000243351,y,2022,orange,n,2019,0.71,,7.5,,m,alive,
2022-04-08,7,900043000243354,y,2022,red,n,2020_2021,0.31,,6.9,,m,alive,"Color Uncertain, noted pink on this night"
2022-04-08,12,900043000243358,y,2022,none,,2022,0.31,,7,,m,alive,
2022-04-08,0,900043000243361,y,2022,none,,,0.29,,7.6,,m,alive,"Above pool 6, recaptured same night"
2022-04-08,5,900043000243361,y,2022,none,,,0.21,,7.2,,m,alive,
2022-04-08,6,900043000243366,y,2022,none,,2022,0.48,,6.9,,m,alive,
2022-04-08,12,900043000243371,y,2022,none,,2022,0.31,,7,,m,alive,
2022-04-08,7,900043000243373,y,2022,orange,n,2019,0.31,,6.9,,m,alive,
2022-04-08,5,900043000243377,y,2022,none,,,0.21,,7.2,,m,alive,
2022-04-08,6,900043000243377,y,2022,none,,,0.48,,6.9,,m,alive,Recaptured same night
2022-04-08,12,900043000243378,y,2022,orange,n,2019,0.31,,7,,m,alive,
2022-04-08,6,900043000243383,y,2022,none,,2022,0.48,,6.9,,m,alive,Recaptured same night
2022-04-08,7,900043000243383,y,2022,none,,2022,0.31,,6.9,,m,alive,"In notes as 283, but 283 was tagged later this night"
2022-04-08,0,900043000243386,y,2022,red,n,2020_2021,0.29,,7.6,,m,alive,Above pool 6
2022-04-08,12,900043000243387,y,2022,orange,n,2019,0.31,,7,,m,alive,
2022-04-08,11,900043000243389,y,2022,orange,n,2019,0.31,,7,,m,alive,
2022-04-08,5,900043000243391,y,2022,red,n,2020_2021,0.21,,7.2,,m,alive,
2022-04-08,5,900043000243393,y,2022,none,,,0.21,,7.2,,m,alive,Moved to 0 above 8
2022-04-08,6,900043000243393,y,2022,none,,,0.48,,6.9,,m,alive,Recaptured same night
2022-04-08,6,900043000243398,y,2022,orange,n,2019,0.48,,6.9,,m,alive,
2022-04-08,6,900043000243401,y,2022,none,,,0.48,,6.9,,m,alive,
2022-04-08,0,900043000243403,y,2022,red,n,2020_2021,0.29,,7.6,,m,alive,
2022-04-08,6,900043000243403,y,2022,red,n,2020_2021,0.48,,6.9,,m,alive,Recaptured same night
2022-04-08,0,900043000243404,y,2022,none,,2022,0.29,,7.6,,m,alive,Above pool 6
2022-04-08,3,not scanned,,,not scanned,,,0.41,,7.4,,,alive,Uncaptured
2022-04-08,6,none,,,orange,n,2019,0.48,,6.9,,f,alive,
2022-04-08,6,none,,,none,,,0.48,,6.9,,f,alive,
2022-04-08,6,not scanned,,,not scanned,,,0.48,,6.9,,,alive,Uncaptured
2022-04-08,6,not scanned,,,not scanned,,,0.48,,6.9,,,alive,Uncaptured
2022-04-08,7,none,,,orange,n,2019,0.31,,6.9,,f,alive,
2022-04-08,9,not scanned,,,not scanned,,,0.31,,6.7,,,alive,Uncaptured
2022-04-08,12,not scanned,,,not scanned,,,0.31,,7,,,alive,Escaped after tagging
2022-04-09,7,900043000243216,y,2022,red,n,2020_2021,0.21,,8.3,,m,alive,
2022-04-09,7,900043000243218,y,2022,none,,2022,0.21,,8.3,,m,alive,
2022-04-09,0,900043000243225,y,2022,none,,2022,0,,2,,f,dead,DECEASED - tagged for observation after possibly being stepped on
2022-04-09,13,900043000243227,y,2022,red,n,2020_2021,0.28,,8.2,,m,alive,
2022-04-09,6,900043000243228,y,2022,none,,2022,0.21,,7.3,,m,alive,
2022-04-09,5,900043000243229,y,2022,red,n,2020_2021,0.2,,7.4,,m,alive,
2022-04-09,15,900043000243244,y,2022,red,n,2020_2021,0.42,,7.7,,f,alive,Kind of pink VIE 
2022-04-09,6,900043000243250,y,2022,none,,2022,0.21,,7.3,,m,alive,Between 6-7
2022-04-09,7,900043000243251,y,2022,red,n,2020_2021,0.21,,8.3,,m,alive,
2022-04-09,7,900043000243253,y,2022,red,n,2020_2021,0.21,,8.3,,m,alive,
2022-04-09,6,900043000243254,y,2022,red,n,2020_2021,0.21,,7.3,,m,alive,
2022-04-09,0,900043000243256,y,2022,none,,2022,0,,2,,f,alive,Above 15
2022-04-09,7,900043000243258,y,2022,orange,n,2019,0.21,,8.3,,m,alive,
2022-04-09,12,900043000243260,y,2022,pink,n,2018,0.22,,8,,m,alive,
2022-04-09,7,900043000243261,y,2022,red,n,2020_2021,0.21,,8.3,,m,alive,
2022-04-09,0,900043000243262,y,2022,pink,n,2018,0,,2,,m,alive,Above pool 5/6
2022-04-09,7,900043000243266,y,2022,orange,n,2019,0.21,,8.3,,m,alive,
2022-04-09,7,900043000243270,y,2022,none,,2022,0.21,,8.3,,m,alive,
2022-04-09,7,900043000243279,y,2022,none,,2022,0.21,,8.3,,m,alive,
2022-04-09,3,900043000243284,y,2022,none,,,0.22,,7.8,,f,alive,
2022-04-09,1,900043000243286,y,2022,none,,2022,0.29,,8,,m,alive,
2022-04-09,0,900043000243287,y,2022,orange,n,2019,0,,2,,m,alive,Above pool 5/6
2022-04-09,7,900043000243292,y,2022,red,n,2020_2021,0.21,,8.3,,m,alive,
2022-04-09,0,900043000243294,y,2022,none,,2022,0,,2,,f,alive,Above 15
2022-04-09,0,900043000243299,y,2022,none,,2022,0,,2,,m,alive,Above 15
2022-04-09,1,900043000243306,y,2022,red,n,2020_2021,0.29,,8,,m,alive,
2022-04-09,7,900043000243307,y,2022,orange,n,2019,0.21,,8.3,,m,alive,
2022-04-09,13,900043000243311,y,2022,none,,2022,0.28,,8.2,,m,alive,
2022-04-09,13,900043000243314,y,2022,red,n,2020_2021,0.28,,8.2,,m,alive,
2022-04-09,0,900043000243320,y,2022,none,,2022,0,,2,,m,alive,
2022-04-09,12,900043000243322,y,2022,red,n,2020_2021,0.22,,8,,m,alive,
2022-04-09,5,900043000243324,y,2022,red,n,2020_2021,0.2,,7.4,,m,alive,Spotty Male
2022-04-09,13,900043000243328,y,2022,red,n,2020_2021,0.28,,8.2,,m,alive,
2022-04-09,0,900043000243337,y,2022,none,,2022,0,,2,,m,alive,Above pool 5/6
2022-04-09,1,900043000243340,y,2022,red,n,2020_2021,0.29,,8,,m,alive,Color debated
2022-04-09,6,900043000243345,y,2022,none,,2022,0.21,,7.3,,m,alive,
2022-04-09,7,900043000243347,y,2022,none,,2022,0.21,,8.3,,m,alive,
2022-04-09,12,900043000243348,y,2022,yellow,n,2017,0.22,,8,,m,alive,
2022-04-09,6,900043000243349,y,2022,none,,2022,0.21,,7.3,,m,alive,
2022-04-09,15,900043000243356,y,2022,orange,n,2019,0.42,,7.7,,m,alive,
2022-04-09,7,900043000243357,y,2022,orange,n,2019,0.21,,8.3,,m,alive,
2022-04-09,12,900043000243365,y,2022,yellow,n,2017,0.22,,8,,m,alive,
2022-04-09,6,900043000243366,y,2022,none,,2022,0.21,,7.3,,m,alive,
2022-04-09,5,900043000243370,y,2022,orange,n,2019,0.2,,7.4,,m,alive,
2022-04-09,7,900043000243373,y,2022,orange,n,2019,0.21,,8.3,,m,alive,
2022-04-09,5,900043000243375,y,2022,none,,,0.2,,7.4,,m,alive,
2022-04-09,15,900043000243375,y,2022,none,,,0.42,,7.7,,m,alive,
2022-04-09,5,900043000243377,y,2022,none,,,0.2,,7.4,,m,alive,
2022-04-09,12,900043000243378,y,2022,orange,n,2019,0.22,,8,,m,alive,
2022-04-09,3,900043000243379,y,2022,none,,2022,0.22,,7.8,,m,alive,
2022-04-09,7,900043000243385,y,2022,none,,2022,0.21,,8.3,,m,alive,
2022-04-09,6,900043000243386,y,2022,red,n,2020_2021,0.21,,7.3,,m,alive,
2022-04-09,6,900043000243398,y,2022,orange,n,2019,0.21,,7.3,,m,alive,
2022-04-09,5,900043000243399,y,2022,none,,2022,0.2,,7.4,,m,alive,
2022-04-09,1,900043000243402,y,2022,orange,n,2019,0.29,,8,,m,alive,
2022-04-09,0,900043000243403,y,2022,red,n,2020_2021,0,,2,,m,alive,
2022-04-09,0,900043000243404,y,2022,none,,2022,0,,2,,m,alive,Above pool 5/6
2022-04-10,7,900043000243216,y,2022,red,n,2020_2021,0.19,,8.5,,m,alive,
2022-04-10,5,900043000243229,y,2022,red,n,2020_2021,0.2,,7.6,,m,alive,
2022-04-10,15,900043000243232,y,2022,none,,2022,0.28,,7.9,,f,alive,
2022-04-10,5,900043000243262,y,2022,pink,n,2018,0.2,,7.6,,m,alive,
2022-04-10,7,900043000243274,y,2022,red,n,2020_2021,0.19,,8.5,,m,alive,
2022-04-10,7,900043000243321,y,2022,none,,,0.19,,8.5,,m,alive,
2022-04-10,6,900043000243370,y,2022,orange,n,2019,0.2,,7.7,,m,alive,
2022-04-11,13,900043000243214,y,2022,none,,2022,0.27,,11.3,,f,alive,
2022-04-11,7,900043000243235,y,2022,orange,n,2019,0.18,,10.9,,f,alive,
2022-04-11,9,900043000243242,y,2022,yellow,n,2017,0.7,,11,,m,alive,
2022-04-11,12,900043000243259,y,2022,yellow,n,2017,0.7,,11,,m,alive,scarred face
2022-04-11,7,900043000243274,y,2022,red,n,2020_2021,0.18,,10.9,,m,alive,
2022-04-11,15,900043000243294,y,2022,none,,2022,0.28,,10.3,,f,alive,
2022-04-11,7,900043000243302,y,2022,none,,2022,0.18,,10.9,,f,alive,
2022-04-11,12,900043000243348,y,2022,yellow,n,2017,0.7,,11,,m,alive,
2022-04-11,6,900043000243386,y,2022,red,n,2020_2021,0.16,,8.8,,m,alive,
2022-04-11,0,none,,,red,n,2020_2021,0.21,,10.5,,f,alive,above 8
2022-04-11,7,none,,,none,,,0.18,,10.9,,f,alive,
2022-04-11,7,none,,,orange,n,2019,0.18,,10.9,,f,alive,
2022-04-11,7,none,,,orange,n,2019,0.18,,10.9,,f,alive,
2022-04-11,7,none,,,none,,,0.18,,10.9,,,alive,
2022-04-11,11,none,,,red,n,2020_2021,0.7,,11,,f,alive,
2022-04-11,12,none,,,none,,,0.7,,11,,f,alive,
2022-04-11,13,none,,,orange,n,2019,0.27,,11.3,,f,alive,
2022-04-11,13,none,,,orange,n,2019,0.27,,11.3,,f,alive,
2022-04-12,12,900043000243205,y,2022,orange,n,2019,0.17,,10.1,,f,alive,
2022-04-12,7,900043000243216,y,2022,red,n,2020_2021,0.17,,10,,m,alive,
2022-04-12,7,900043000243217,y,2022,none,,2022,0.17,,10,,m,alive,
2022-04-12,6,900043000243228,y,2022,none,,2022,0.15,,9.2,,m,alive,
2022-04-12,7,900043000243230,y,2022,yellow,n,2017,0.17,,10,,m,alive,Only has one eye
2022-04-12,13,900043000243232,y,2022,none,,2022,0.26,,10.4,,f,alive,
2022-04-12,7,900043000243245,y,2022,red,n,2020_2021,0.17,,10,,f,alive,
2022-04-12,7,900043000243251,y,2022,red,n,2020_2021,0.17,,10,,m,alive,
2022-04-12,13,900043000243256,y,2022,none,,2022,0.26,,10.4,,f,alive,
2022-04-12,7,900043000243267,y,2022,red,n,2020_2021,0.17,,10,,f,alive,
2022-04-12,7,900043000243268,y,2022,yellow,n,2017,0.17,,10,,m,alive,
2022-04-12,11,900043000243272,y,2022,none,,2022,0.18,,10.4,,f,alive,
2022-04-12,7,900043000243274,y,2022,red,n,2020_2021,0.17,,10,,m,alive,
2022-04-12,7,900043000243277,y,2022,orange,n,2019,0.17,,10,,f,alive,
2022-04-12,7,900043000243296,y,2022,none,,2022,0.17,,10,,m,alive,
2022-04-12,6,900043000243323,y,2022,orange,n,2019,0.15,,9.2,,m,alive,
2022-04-12,12,900043000243348,y,2022,yellow,n,2017,0.17,,10.1,,m,alive,
2022-04-12,12,900043000243390,y,2022,yellow,n,2017,0.17,,10.1,,m,alive,
2022-04-12,0,900043000243399,y,2022,none,,2022,0.18,,9.8,,m,alive,
2022-04-12,0,none,,,orange,n,2019,0.19,,10.5,,f,alive,
2022-04-12,6,none,,,none,,,0.15,,9.2,,f,alive,
2022-04-12,6,none,,,none,,,0.15,,9.2,,f,alive,
2022-04-12,7,none,,,orange,n,2019,0.17,,10,,f,alive,
2022-04-12,7,none,,,orange,n,2019,0.17,,10,,f,alive,
2022-04-12,7,none,,,none,,,0.17,,10,,f,alive,
2022-04-12,7,none,,,orange,n,2019,0.17,,10,,f,alive,
2022-04-12,7,none,,,none,,,0.17,,10,,f,alive,
2022-04-12,11,none,,,none,,,0.18,,10.4,,f,alive,
2022-04-12,13,none,,,orange,n,2019,0.26,,10.4,,f,alive,
2022-04-12,14,none,,,none,,,0.27,,8.7,,f,alive,
2022-04-12,15,none,,,orange,n,2019,0.27,,9.6,,f,alive,
2022-04-12,15,not scanned,,,not scanned,,,0.27,,9.6,,,alive,Uncaptured
2022-04-12,15,not scanned,,,not scanned,,,0.27,,9.6,,,alive,Uncaptured
2022-04-12,15,not scanned,,,not scanned,,,0.27,,9.6,,,alive,Uncaptured
2022-04-12,15,not scanned,,,not scanned,,,0.27,,9.6,,,alive,Uncaptured
2022-04-12,15,not scanned,,,not scanned,,,0.27,,9.6,,,alive,Uncaptured
2022-04-12,15,not scanned,,,not scanned,,,0.27,,9.6,,,alive,Uncaptured
2022-04-12,15,not scanned,,,not scanned,,,0.27,,9.6,,,alive,Uncaptured
2022-04-13,0,900043000243207,y,2022,orange,n,2019,0.17,,7.8,,m,alive,Above 5
2022-04-13,7,900043000243216,y,2022,red,n,2020_2021,0.17,,8.9,,m,alive,
2022-04-13,6,900043000243217,y,2022,none,,2022,0.17,,8.5,,m,alive,
2022-04-13,7,900043000243218,y,2022,none,,2022,0.17,,8.9,,m,alive,
2022-04-13,7,900043000243220,y,2022,red,n,2020_2021,0.17,,8.9,,m,alive,
2022-04-13,0,900043000243224,y,2022,yellow,n,2017,0.17,,7.8,,f,alive,Above 5
2022-04-13,11,900043000243226,y,2022,none,,2022,0.16,,9.7,,f,alive,
2022-04-13,6,900043000243228,y,2022,none,,2022,0.17,,8.5,,m,alive,Later in the night at pool 6
2022-04-13,5,900043000243229,y,2022,red,n,2020_2021,0.17,,8.6,,m,alive,
2022-04-13,15,900043000243232,y,2022,none,,2022,0.28,,9.3,,f,alive,
2022-04-13,7,900043000243233,y,2022,none,,2022,0.17,,8.9,,m,alive,
2022-04-13,5,900043000243236,y,2022,none,,2022,0.17,,8.6,,m,alive,
2022-04-13,6,900043000243236,y,2022,none,,2022,0.17,,8.5,,m,alive,Later in the night at pool 6
2022-04-13,3,900043000243239,y,2022,none,,2022,0.16,,9.7,,m,alive,
2022-04-13,7,900043000243249,y,2022,pink,n,2018,0.17,,8.9,,m,alive,
2022-04-13,7,900043000243250,y,2022,none,,2022,0.17,,8.9,,m,alive,
2022-04-13,7,900043000243252,y,2022,orange,n,2019,0.17,,8.9,,m,alive,
2022-04-13,7,900043000243253,y,2022,red,n,2020_2021,0.17,,8.9,,m,alive,
2022-04-13,7,900043000243258,y,2022,orange,n,2019,0.17,,8.9,,m,alive,
2022-04-13,12,900043000243259,y,2022,yellow,n,2017,0.17,,9.3,,m,alive,
2022-04-13,12,900043000243260,y,2022,pink,n,2018,0.17,,9.3,,m,alive,
2022-04-13,7,900043000243261,y,2022,red,n,2020_2021,0.17,,8.9,,m,alive,
2022-04-13,5,900043000243262,y,2022,pink,n,2018,0.17,,8.6,,m,alive,
2022-04-13,6,900043000243262,y,2022,pink,n,2018,0.17,,8.5,,m,alive,Later in the night at pool 6
2022-04-13,12,900043000243263,y,2022,red,n,2020_2021,0.17,,9.3,,f,alive,
2022-04-13,5,900043000243266,y,2022,orange,n,2019,0.17,,8.6,,m,alive,Has a scar that look like a tag scar but tag not detected
2022-04-13,7,900043000243266,y,2022,orange,n,2019,0.17,,8.9,,m,alive,
2022-04-13,12,900043000243269,y,2022,orange,n,2019,0.17,,9.3,,m,alive,
2022-04-13,4,900043000243270,y,2022,none,,2022,0.21,,9.4,,m,alive,
2022-04-13,12,900043000243273,y,2022,none,,,0.17,,9.3,,m,alive,
2022-04-13,5,900043000243276,y,2022,red,n,2020_2021,0.17,,8.6,,m,alive,
2022-04-13,6,900043000243276,y,2022,red,n,2020_2021,0.17,,8.5,,m,alive,Later in the night at pool 6
2022-04-13,12,900043000243281,y,2022,red,n,2020_2021,0.17,,9.3,,m,alive,
2022-04-13,5,900043000243282,y,2022,red,n,2020_2021,0.17,,8.6,,m,alive,
2022-04-13,12,900043000243283,y,2022,red,n,2020_2021,0.17,,9.3,,m,alive,
2022-04-13,2,900043000243284,y,2022,none,,,0.33,,10.2,,f,alive,
2022-04-13,5,900043000243287,y,2022,orange,n,2019,0.17,,8.6,,m,alive,
2022-04-13,6,900043000243287,y,2022,orange,n,2019,0.17,,8.5,,m,alive,Later in the night at pool 6
2022-04-13,5,900043000243288,y,2022,orange,n,2019,0.17,,8.6,,m,alive,
2022-04-13,11,900043000243290,y,2022,red,n,2020_2021,0.16,,9.7,,m,alive,
2022-04-13,13,900043000243291,y,2022,none,,2022,0.22,,9.7,,f,alive,
2022-04-13,15,900043000243293,y,2022,none,,2022,0.28,,9.3,,m,alive,
2022-04-13,15,900043000243295,y,2022,orange,n,2019,0.28,,9.3,,m,alive,
2022-04-13,12,900043000243298,y,2022,orange,n,2019,0.17,,9.3,,m,alive,
2022-04-13,15,900043000243299,y,2022,none,,2022,0.28,,9.3,,m,alive,
2022-04-13,12,900043000243300,y,2022,none,,2022,0.17,,9.3,,m,alive,
2022-04-13,7,900043000243305,y,2022,none,,2022,0.17,,8.9,,m,alive,
2022-04-13,1,900043000243306,y,2022,red,n,2020_2021,0.18,,9.8,,m,alive,
2022-04-13,13,900043000243314,y,2022,red,n,2020_2021,0.22,,9.7,,m,alive,
2022-04-13,11,900043000243317,y,2022,orange,n,2019,0.16,,9.7,,m,alive,
2022-04-13,5,900043000243324,y,2022,red,n,2020_2021,0.17,,8.6,,m,alive,
2022-04-13,7,900043000243329,y,2022,red,n,2020_2021,0.17,,8.9,,m,alive,
2022-04-13,7,900043000243330,y,2022,red,n,2020_2021,0.17,,8.9,,m,alive,
2022-04-13,13,900043000243334,y,2022,none,,2022,0.22,,9.7,,m,alive,
2022-04-13,3,900043000243338,y,2022,none,,2022,0.16,,9.7,,m,alive,
2022-04-13,0,900043000243339,y,2022,yellow,n,2017,0,,6.6,,f,alive,Above 8
2022-04-13,1,900043000243340,y,2022,red,n,2020_2021,0.18,,9.8,,m,alive,Color debated
2022-04-13,5,900043000243345,y,2022,none,,2022,0.17,,8.6,,m,alive,
2022-04-13,6,900043000243347,y,2022,none,,2022,0.17,,8.5,,m,alive,
2022-04-13,12,900043000243348,y,2022,yellow,n,2017,0.17,,9.3,,m,alive,
2022-04-13,15,900043000243351,y,2022,orange,n,2019,0.28,,9.3,,m,alive,
2022-04-13,13,900043000243356,y,2022,orange,n,2019,0.22,,9.7,,m,alive,
2022-04-13,7,900043000243357,y,2022,orange,n,2019,0.17,,8.9,,m,alive,
2022-04-13,7,900043000243358,y,2022,none,,2022,0.17,,8.9,,m,alive,
2022-04-13,7,900043000243359,y,2022,red,n,2020_2021,0.17,,8.9,,f,alive,
2022-04-13,5,900043000243361,y,2022,none,,,0.17,,8.6,,m,alive,
2022-04-13,5,900043000243370,y,2022,orange,n,2019,0.17,,8.6,,m,alive,
2022-04-13,12,900043000243371,y,2022,none,,2022,0.17,,9.3,,m,alive,
2022-04-13,0,900043000243375,y,2022,none,,,0,,6.6,,m,alive,Next to 5
2022-04-13,0,900043000243375,y,2022,none,,,0,,6.6,,m,alive,Above 8
2022-04-13,5,900043000243377,y,2022,none,,,0.17,,8.6,,m,alive,
2022-04-13,6,900043000243377,y,2022,none,,,0.17,,8.5,,m,alive,Later in the night at pool 6
2022-04-13,11,900043000243378,y,2022,orange,n,2019,0.16,,9.7,,m,alive,
2022-04-13,2,900043000243379,y,2022,none,,2022,0.33,,10.2,,m,alive,
2022-04-13,0,900043000243380,y,2022,none,,,0,,6.6,,m,alive,Above 8
2022-04-13,8,900043000243380,y,2022,none,,,0.15,,9.4,,m,alive,
2022-04-13,6,900043000243386,y,2022,red,n,2020_2021,0.17,,8.5,,m,alive,
2022-04-13,11,900043000243389,y,2022,orange,n,2019,0.16,,9.7,,m,alive,
2022-04-13,7,900043000243390,y,2022,yellow,n,2017,0.17,,8.9,,m,alive,
2022-04-13,5,900043000243399,y,2022,none,,2022,0.17,,8.6,,m,alive,
2022-04-13,5,900043000243401,y,2022,none,,,0.17,,8.6,,m,alive,
2022-04-13,2,900043000243402,y,2022,orange,n,2019,0.33,,10.2,,m,alive,
2022-04-13,2,900043000243403,y,2022,red,n,2020_2021,0.33,,10.2,,m,alive,
2022-04-13,0,none,,,red,n,2020_2021,0.17,,7.8,,f,alive,Above 5
2022-04-13,0,none,,,none,,,0.17,,7.8,,f,alive,Above 5
2022-04-13,0,none,,,none,,,0.17,,7.8,,f,alive,Above 5
2022-04-13,0,none,,,none,,,0,,6.6,,f,alive,Above 6
2022-04-13,0,none,,,none,,,0,,6.6,,f,alive,Above 6
2022-04-13,0,none,,,none,,,0,,6.6,,f,alive,Above 6
2022-04-13,0,none,,,none,,,0,,6.6,,f,alive,Above 6
2022-04-13,0,not scanned,,,not scanned,,,0,,6.6,,,alive,Below 11 Uncaptured
2022-04-13,3,none,,,none,,,0.16,,9.7,,m,alive,
2022-04-13,4,none,,,red,n,2020_2021,0.21,,9.4,,f,alive,
2022-04-13,4,none,,,none,,,0.21,,9.4,,f,alive,
2022-04-13,5,none,,,none,,,0.17,,8.6,,,alive,
2022-04-13,5,not scanned,,,not scanned,,,0.17,,8.6,,,alive,Uncaptured
2022-04-13,5,none,,,none,,,0.17,,8.6,,,alive,
2022-04-13,5,not scanned,,,not scanned,,,0.17,,8.6,,,alive,Uncaptured
2022-04-13,5,none,,,none,,,0.17,,8.6,,m,alive,
2022-04-13,6,not scanned,,,not scanned,,,0.17,,8.5,,,alive,Uncaptured
2022-04-13,6,none,,,none,,,0.17,,8.5,,m,alive,Later in the night at pool 6
2022-04-13,6,none,,,none,,,0.17,,8.5,,f,alive,
2022-04-13,6,none,,,none,,,0.17,,8.5,,f,alive,
2022-04-13,7,none,,,none,,,0.17,,8.9,,f,alive,
2022-04-13,7,none,,,none,,,0.17,,8.9,,f,alive,
2022-04-13,7,none,,,none,,,0.17,,8.9,,,alive,
2022-04-13,7,none,,,none,,,0.17,,8.9,,,alive,
2022-04-13,7,none,,,none,,,0.17,,8.9,,,alive,
2022-04-13,7,none,,,none,,,0.17,,8.9,,m,alive,
2022-04-13,7,none,,,none,,,0.17,,8.9,,f,alive,
2022-04-13,7,none,,,none,,,0.17,,8.9,,f,alive,
2022-04-13,7,none,,,none,,,0.17,,8.9,,f,alive,
2022-04-13,7,none,,,none,,,0.17,,8.9,,f,alive,
2022-04-13,7,none,,,none,,,0.17,,8.9,,f,alive,
2022-04-13,11,none,,,none,,,0.16,,9.7,,f,alive,
2022-04-13,11,none,,,none,,,0.16,,9.7,,f,alive,
2022-04-13,12,none,,,none,,,0.17,,9.3,,,alive,
2022-04-13,13,none,,,none,,,0.22,,9.7,,,alive,
2022-04-13,13,none,,,none,,,0.22,,9.7,,,alive,
2022-04-13,13,none,,,none,,,0.22,,9.7,,,alive,
2022-04-13,13,none,,,orange,n,2019,0.22,,9.7,,f,alive,
2022-04-13,13,none,,,red,n,2020_2021,0.22,,9.7,,f,alive,
2022-04-13,13,none,,,none,,,0.22,,9.7,,,alive,
2022-04-13,15,not scanned,,,not scanned,,,0.28,,9.3,,,alive,Uncaptured
2022-04-13,15,not scanned,,,not scanned,,,0.28,,9.3,,,alive,Uncaptured
2022-04-13,15,not scanned,,,not scanned,,,0.28,,9.3,,,alive,Uncaptured
2022-04-13,15,none,,,none,,,0.28,,9.3,,,alive,
2022-04-14,3,900043000243239,y,2022,none,,2022,,,,,m,alive,
2022-04-14,7,900043000243274,y,2022,red,n,2020_2021,0.18,,7.8,,m,alive,
2022-04-14,5,900043000243276,y,2022,red,n,2020_2021,0.17,,7.8,,m,alive,
2022-04-14,7,900043000243278,y,2022,yellow,n,2017,0.18,,7.8,,m,alive,
2022-04-14,7,900043000243330,y,2022,red,n,2020_2021,0.18,,7.8,,m,alive,
2022-04-14,13,900043000243334,y,2022,none,,2022,0.19,,8,,m,alive,
2022-04-14,0,900043000243339,y,2022,yellow,n,2017,0,,5.5,,f,alive,Above 6
2022-04-14,6,900043000243339,y,2022,yellow,n,2017,,,,,f,alive,
2022-04-14,1,900043000243340,y,2022,red,n,2020_2021,0.2,,9.3,,m,alive,Color debated
2022-04-14,5,900043000243391,y,2022,red,n,2020_2021,0.17,,7.8,,m,alive,
2022-04-14,6,900043000244887,y,2022,orange,n,2019,,,,,m,alive,
2022-04-14,0,none,,,none,,,0,,5.5,,,alive,Parking
2022-04-14,1,not scanned,,,not scanned,,,0.2,,9.3,,,alive,Uncaptured
2022-04-14,7,none,,,red,n,2020_2021,0.18,,7.8,,f,alive,
2022-04-14,7,none,,,none,,,0.18,,7.8,,f,alive,
2022-04-14,7,none,,,orange,n,2019,0.18,,7.8,,f,alive,
2022-04-14,11,none,,,orange,n,2019,0.17,,8,,f,alive,
2022-04-15,0,900043000243276,y,2022,red,n,2020_2021,0.19,,7.8,,m,alive,above 6
2022-04-15,7,900043000243289,y,2022,pink,n,2018,0.19,,11.1,,m,alive,
2022-04-15,7,900043000243330,y,2022,red,n,2020_2021,0.19,,11.1,,m,alive,
2022-04-15,13,900043000243334,y,2022,none,,2022,0.2,,10.7,,m,alive,
2022-04-15,0,900043000244904,y,2022,red,n,2020_2021,0.19,,7.8,,f,alive,
2022-04-15,9,none,,,orange,n,2019,0.19,,10.6,,f,alive,
2022-04-15,11,none,,,none,,,0.2,,10.5,,f,alive,
2022-04-16,13,900043000243224,y,2022,yellow,n,2017,0.18,,8.8,,f,alive,
2022-04-16,13,900043000243226,y,2022,none,,2022,0.18,,8.8,,f,alive,
2022-04-16,11,900043000243260,y,2022,pink,n,2018,0.17,,8.8,,m,alive,
2022-04-16,13,900043000243263,y,2022,red,n,2020_2021,0.18,,8.8,,f,alive,
2022-04-16,1,900043000243306,y,2022,red,n,2020_2021,0.22,,8.9,,m,alive,
2022-04-16,1,900043000243340,y,2022,red,n,2020_2021,0.22,,8.9,,m,alive,Color debated
2022-04-16,5,900043000243380,y,2022,none,,,0.17,,8.5,,m,alive,
2022-04-16,11,900043000243389,y,2022,orange,n,2019,0.17,,8.8,,m,alive,
2022-04-16,0,none,,,none,,,0,,7.7,,f,alive,Between 5 & 8
2022-04-16,1,none,,,none,,,0.22,,8.9,,f,alive,
2022-04-16,7,none,,,red,n,2020_2021,0.18,,8.3,,f,alive,
2022-04-16,7,none,,,none,,,0.18,,8.3,,f,alive,
2022-04-16,7,none,,,none,,,0.18,,8.3,,f,alive,
2022-04-16,7,none,,,none,,,0.18,,8.3,,f,alive,
2022-04-16,11,none,,,none,,,0.17,,8.8,,f,alive,
2022-04-16,11,none,,,none,,,0.17,,8.8,,f,alive,
2022-04-16,11,none,,,none,,,0.17,,8.8,,f,alive,
2022-04-16,12,none,,,orange,n,2019,0.17,,8.5,,f,alive,
2022-04-16,12,none,,,none,,,0.17,,8.5,,f,alive,
2022-04-16,12,none,,,none,,,0.17,,8.5,,f,alive,
2022-04-16,13,none,,,red,n,2020_2021,0.18,,8.8,,f,alive,
2022-04-16,13,none,,,none,,,0.18,,8.8,,f,alive,
2022-04-16,13,not scanned,,,not scanned,,,0.18,,8.8,,f,alive,Uncaptured
2022-04-16,15,none,,,none,,,0.29,,8.6,,f,alive,
2022-04-16,15,none,,,orange,n,2019,0.29,,8.6,,f,alive,
2022-04-17,15,900043000243226,y,2022,none,,2022,0.28,,7.3,,f,alive,
2022-04-17,0,900043000243307,y,2022,orange,n,2019,0,,2.7,,m,alive,Almost Dead - Above 6
2022-04-17,13,900043000244809,y,2022,none,,2022,0.18,,9.9,,f,alive,
2022-04-17,11,900043000244815,y,2022,none,,2022,0.2,,7.5,,f,alive,
2022-04-17,7,900043000244816,y,2022,none,,2022,0.19,,7.5,,f,alive,
2022-04-17,7,900043000244822,y,2022,none,,2022,0.19,,7.5,,f,alive,
2022-04-17,13,900043000244878,y,2022,red,n,2020_2021,0.18,,9.9,,f,alive,
2022-04-17,13,900043000244899,y,2022,orange,n,2019,0.18,,9.9,,f,alive,
2022-04-17,12,900043000244907,y,2022,none,,2022,0.19,,7.7,,f,alive,
2022-04-17,0,none,,,none,,,0,,2.7,,f,dead,"DECEASED Above 6 - Bodies torn apart, possible mink predation"
2022-04-17,0,none,,,none,,,0,,2.7,,f,dead,"DECEASED Above 6 - Bodies torn apart, possible mink predation"
2022-04-17,0,none,,,none,,,0,,2.7,,m,dead,"DECEASED Above 14 - body dessicated, likely killed by high winds while moving between pools"
2022-04-17,7,none,,,red,n,2020_2021,0.19,,7.5,,f,alive,
2022-04-17,7,none,,,orange,n,2019,0.19,,7.5,,f,alive,
2022-04-17,7,none,,,none,,,0.19,,7.5,,f,alive,
2022-04-17,7,none,,,none,,,0.19,,7.5,,f,alive,
2022-04-17,11,none,,,none,,,0.2,,7.5,,f,alive,
2022-04-18,0,900043000243307,y,2022,orange,n,2019,0,,3.3,,m,dead,DECEASED - Found with others in a pile likely made by a mink
2022-04-18,7,none,,,none,,,0.19,,11,,f,alive,
2022-04-18,7,none,,,orange,n,2019,0.19,,11,,f,alive,
2022-04-18,11,none,,,none,,,0.19,,11.5,,f,alive,
2022-04-18,11,none,,,none,,,0.19,,11.5,,f,alive,
2022-04-19,1,900043000243340,y,2022,red,n,2020_2021,26.5,,7.9,,m,dead,DECEASED - 1.56ppt where found - likely died of osmotic shock fleeing higher salinities
2022-04-19,6,900043000244904,y,2022,red,n,2020_2021,2.2,,6.2,,f,alive,
2022-04-21,1,900043000244895,y,2022,none,,2022,28.6,,11.1,,f,alive,1.65ppt where found
2022-04-27,5,900043000243268,y,2022,yellow,n,2017,5.67,,9.6,,m,dead,DECEASED - 0.36ppt where found - likely died of osmotic shock fleeing higher salinities
2022-04-27,0,none,,,none,,,7.2,,0,,f,alive,between 6 & 7